-- PP陪拍平台 MVP seed data
-- Run after database/schema.sql.
-- The IDs are stable so frontend/backend integration tests can reference them.

begin;

-- =========================
-- Users
-- =========================

insert into users(id, phone, nickname, avatar_url, gender, city, status, is_companion) values
('00000000-0000-0000-0000-000000000101', '13800000001', '小雨', 'https://images.unsplash.com/photo-1517841905240-472988babdf9?auto=format&fit=crop&w=240&q=80', 'female', '上海', 'active', false),
('00000000-0000-0000-0000-000000000201', '13800000201', 'Mori', 'https://images.unsplash.com/photo-1494790108377-be9c29b29330?auto=format&fit=crop&w=240&q=80', 'female', '上海', 'active', true),
('00000000-0000-0000-0000-000000000202', '13800000202', 'Nana', 'https://images.unsplash.com/photo-1534528741775-53994a69daeb?auto=format&fit=crop&w=240&q=80', 'female', '上海', 'active', true),
('00000000-0000-0000-0000-000000000203', '13800000203', 'Echo', 'https://images.unsplash.com/photo-1526510747491-58f928ec870f?auto=format&fit=crop&w=240&q=80', 'female', '上海', 'active', true)
on conflict (id) do nothing;

insert into user_profiles(user_id, bio, safety_preferences, style_preferences) values
('00000000-0000-0000-0000-000000000101', '想找轻松自然的 Citywalk 陪拍。', '{"femaleOnly": true, "sameGenderPreferred": true}', array['自然光', '松弛感', '小红书'])
on conflict (user_id) do nothing;

-- =========================
-- Companions
-- =========================

insert into companions(
  id,
  user_id,
  display_name,
  base_city,
  gender,
  age_range,
  bio,
  real_photo_url,
  intro_video_url,
  show_intro_video,
  status,
  service_enabled,
  rating_avg,
  rating_count,
  completed_order_count
) values
(
  '00000000-0000-0000-0000-000000000301',
  '00000000-0000-0000-0000-000000000201',
  'Mori',
  '上海',
  'female',
  '20-25',
  '会聊天，也会帮你慢慢找角度，第一次拍照也不尴尬。',
  'https://images.unsplash.com/photo-1495385794356-15371f348c31?auto=format&fit=crop&w=900&q=80',
  'https://example.com/videos/mori-intro.mp4',
  true,
  'approved',
  true,
  4.90,
  18,
  18
),
(
  '00000000-0000-0000-0000-000000000302',
  '00000000-0000-0000-0000-000000000202',
  'Nana',
  '上海',
  'female',
  '20-25',
  '擅长小红书探店构图，能帮你选座位、看光线、整理小细节。',
  'https://images.unsplash.com/photo-1520813792240-56fc4a3765a7?auto=format&fit=crop&w=900&q=80',
  'https://example.com/videos/nana-intro.mp4',
  true,
  'approved',
  true,
  4.80,
  22,
  22
),
(
  '00000000-0000-0000-0000-000000000303',
  '00000000-0000-0000-0000-000000000203',
  'Echo',
  '上海',
  'female',
  '25-30',
  '熟悉外滩和苏州河路线，夜景会提醒安全路线和人流时间。',
  'https://images.unsplash.com/photo-1529626455594-4ff0802cfb7e?auto=format&fit=crop&w=900&q=80',
  'https://example.com/videos/echo-intro.mp4',
  true,
  'approved',
  true,
  4.70,
  15,
  15
)
on conflict (id) do nothing;

insert into companion_wallets(companion_id, pending_cents, available_cents, frozen_cents, withdrawn_cents) values
('00000000-0000-0000-0000-000000000301', 79900, 49700, 0, 120000),
('00000000-0000-0000-0000-000000000302', 29900, 88000, 0, 90000),
('00000000-0000-0000-0000-000000000303', 0, 69900, 0, 50000)
on conflict (companion_id) do nothing;

insert into companion_kyc(
  companion_id,
  real_name,
  id_doc_type,
  id_doc_number_hash,
  face_verify_status,
  emergency_contact_name,
  emergency_contact_phone,
  rule_confirmed_at,
  reviewed_at
) values
('00000000-0000-0000-0000-000000000301', '林默', 'id_card', 'hash_mori_id_doc', 'passed', '林女士', '13900000001', '2026-05-20 10:00:00+08', '2026-05-20 12:00:00+08'),
('00000000-0000-0000-0000-000000000302', '陈娜', 'id_card', 'hash_nana_id_doc', 'passed', '陈先生', '13900000002', '2026-05-20 10:00:00+08', '2026-05-20 12:00:00+08'),
('00000000-0000-0000-0000-000000000303', '周晓', 'id_card', 'hash_echo_id_doc', 'passed', '周女士', '13900000003', '2026-05-20 10:00:00+08', '2026-05-20 12:00:00+08')
on conflict (companion_id) do nothing;

insert into companion_tags(companion_id, tag_type, tag_name) values
('00000000-0000-0000-0000-000000000301', 'interaction', '会指导动作'),
('00000000-0000-0000-0000-000000000301', 'personality', '轻松聊天'),
('00000000-0000-0000-0000-000000000301', 'audience', '适合第一次拍照'),
('00000000-0000-0000-0000-000000000301', 'safety', '已实名认证'),
('00000000-0000-0000-0000-000000000301', 'safety', '视频已审核'),
('00000000-0000-0000-0000-000000000301', 'safety', '平台担保'),
('00000000-0000-0000-0000-000000000302', 'interaction', '懂女生需求'),
('00000000-0000-0000-0000-000000000302', 'style', '会找光'),
('00000000-0000-0000-0000-000000000302', 'audience', '同性陪拍优先'),
('00000000-0000-0000-0000-000000000302', 'safety', '已实名认证'),
('00000000-0000-0000-0000-000000000302', 'safety', '作品已审核'),
('00000000-0000-0000-0000-000000000302', 'safety', '平台担保'),
('00000000-0000-0000-0000-000000000303', 'style', '夜景路线熟'),
('00000000-0000-0000-0000-000000000303', 'personality', '安静陪伴'),
('00000000-0000-0000-0000-000000000303', 'audience', '游客友好'),
('00000000-0000-0000-0000-000000000303', 'safety', '已实名认证'),
('00000000-0000-0000-0000-000000000303', 'safety', '视频已审核'),
('00000000-0000-0000-0000-000000000303', 'safety', '夜间安全提示')
on conflict (companion_id, tag_type, tag_name) do nothing;

-- =========================
-- Service settings
-- =========================

insert into service_areas(companion_id, city, area_name, area_type, enabled) values
('00000000-0000-0000-0000-000000000301', '上海', '武康路', 'street', true),
('00000000-0000-0000-0000-000000000301', '上海', '安福路', 'street', true),
('00000000-0000-0000-0000-000000000301', '上海', '衡山路', 'street', true),
('00000000-0000-0000-0000-000000000301', '上海', '徐家汇', 'business_area', true),
('00000000-0000-0000-0000-000000000302', '上海', '静安寺', 'business_area', true),
('00000000-0000-0000-0000-000000000302', '上海', '巨鹿路', 'street', true),
('00000000-0000-0000-0000-000000000302', '上海', '陕西南路', 'street', true),
('00000000-0000-0000-0000-000000000302', '上海', '新天地', 'business_area', true),
('00000000-0000-0000-0000-000000000303', '上海', '外滩', 'landmark', true),
('00000000-0000-0000-0000-000000000303', '上海', '苏州河', 'landmark', true),
('00000000-0000-0000-0000-000000000303', '上海', '南京东路', 'business_area', true),
('00000000-0000-0000-0000-000000000303', '上海', '北外滩', 'landmark', true)
on conflict (companion_id, city, area_name) do nothing;

insert into companion_service_scenes(companion_id, scene_name, accept_type) values
('00000000-0000-0000-0000-000000000301', 'Citywalk', 'accept'),
('00000000-0000-0000-0000-000000000301', '探店吃饭', 'accept'),
('00000000-0000-0000-0000-000000000302', '探店吃饭', 'accept'),
('00000000-0000-0000-0000-000000000302', '逛街拍照', 'accept'),
('00000000-0000-0000-0000-000000000303', '夜景散步', 'accept'),
('00000000-0000-0000-0000-000000000303', '旅行跟拍', 'accept'),
('00000000-0000-0000-0000-000000000303', '偏远地点', 'reject')
on conflict (companion_id, scene_name, accept_type) do nothing;

insert into activity_pricings(id, companion_id, activity_name, duration_minutes, price_cents, enabled, sort_order) values
('00000000-0000-0000-0000-000000000401', '00000000-0000-0000-0000-000000000301', 'Citywalk', 120, 39900, true, 1),
('00000000-0000-0000-0000-000000000402', '00000000-0000-0000-0000-000000000301', '探店吃饭', 90, 29900, true, 2),
('00000000-0000-0000-0000-000000000403', '00000000-0000-0000-0000-000000000302', '探店吃饭', 90, 29900, true, 1),
('00000000-0000-0000-0000-000000000404', '00000000-0000-0000-0000-000000000302', '逛街拍照', 120, 36900, true, 2),
('00000000-0000-0000-0000-000000000405', '00000000-0000-0000-0000-000000000303', '夜景散步', 60, 19900, true, 1),
('00000000-0000-0000-0000-000000000406', '00000000-0000-0000-0000-000000000303', '旅行跟拍', 240, 69900, true, 2)
on conflict (id) do nothing;

insert into companion_extras(id, companion_id, name, unit, price_cents, description, enabled) values
('00000000-0000-0000-0000-000000000501', '00000000-0000-0000-0000-000000000301', '精修', 'per_photo', 3000, '每张精修照片', true),
('00000000-0000-0000-0000-000000000502', '00000000-0000-0000-0000-000000000301', '加急出图', 'per_order', 8000, '24 小时内出图', true),
('00000000-0000-0000-0000-000000000503', '00000000-0000-0000-0000-000000000301', '短视频', 'per_order', 12000, '15-30 秒短视频素材', true),
('00000000-0000-0000-0000-000000000504', '00000000-0000-0000-0000-000000000302', '精修', 'per_photo', 3500, '每张精修照片', true),
('00000000-0000-0000-0000-000000000505', '00000000-0000-0000-0000-000000000302', '穿搭建议', 'per_order', 5000, '拍摄前穿搭建议', true),
('00000000-0000-0000-0000-000000000506', '00000000-0000-0000-0000-000000000303', '短视频', 'per_order', 15000, '夜景短视频片段', true),
('00000000-0000-0000-0000-000000000507', '00000000-0000-0000-0000-000000000303', '加时', 'per_hour', 12000, '每小时加时', true)
on conflict (id) do nothing;

insert into availability_slots(id, companion_id, start_at, end_at, status, temp_accept_enabled) values
('00000000-0000-0000-0000-000000000601', '00000000-0000-0000-0000-000000000301', '2026-05-24 17:30:00+08', '2026-05-24 19:30:00+08', 'booked', false),
('00000000-0000-0000-0000-000000000602', '00000000-0000-0000-0000-000000000301', '2026-05-25 10:00:00+08', '2026-05-25 12:00:00+08', 'available', false),
('00000000-0000-0000-0000-000000000603', '00000000-0000-0000-0000-000000000301', '2026-05-30 16:00:00+08', '2026-05-30 18:00:00+08', 'available', true),
('00000000-0000-0000-0000-000000000604', '00000000-0000-0000-0000-000000000302', '2026-05-24 14:00:00+08', '2026-05-24 15:30:00+08', 'available', false),
('00000000-0000-0000-0000-000000000605', '00000000-0000-0000-0000-000000000302', '2026-05-25 15:30:00+08', '2026-05-25 17:00:00+08', 'booked', false),
('00000000-0000-0000-0000-000000000606', '00000000-0000-0000-0000-000000000302', '2026-05-29 13:00:00+08', '2026-05-29 14:30:00+08', 'available', false),
('00000000-0000-0000-0000-000000000607', '00000000-0000-0000-0000-000000000303', '2026-05-24 19:30:00+08', '2026-05-24 20:30:00+08', 'available', false),
('00000000-0000-0000-0000-000000000608', '00000000-0000-0000-0000-000000000303', '2026-05-25 20:00:00+08', '2026-05-25 21:00:00+08', 'available', false),
('00000000-0000-0000-0000-000000000609', '00000000-0000-0000-0000-000000000303', '2026-05-30 18:30:00+08', '2026-05-30 19:30:00+08', 'available', true)
on conflict (id) do nothing;

-- =========================
-- Feed posts
-- =========================

insert into posts(
  id,
  companion_id,
  city,
  location_name,
  location_type,
  time_label,
  caption,
  activity_name,
  status,
  is_feed_visible,
  is_featured,
  quality_score,
  view_count,
  like_count,
  published_at
) values
(
  '00000000-0000-0000-0000-000000000701',
  '00000000-0000-0000-0000-000000000301',
  '上海',
  '上海 · 武康路',
  'street',
  '傍晚 / 春季 / 2026年5月',
  '黄昏的梧桐树影很温柔，适合边散步边拍松弛感街拍。',
  'Citywalk 陪拍',
  'approved',
  true,
  true,
  95.0,
  1280,
  96,
  '2026-05-22 18:00:00+08'
),
(
  '00000000-0000-0000-0000-000000000702',
  '00000000-0000-0000-0000-000000000302',
  '上海',
  '上海 · 巨鹿路咖啡店',
  'cafe',
  '午后 / 咖啡店 / 2026年5月',
  '坐着聊天时抓拍更自然，适合想要朋友圈日常感照片的女生。',
  '探店吃饭陪拍',
  'approved',
  true,
  true,
  92.0,
  990,
  81,
  '2026-05-22 17:00:00+08'
),
(
  '00000000-0000-0000-0000-000000000703',
  '00000000-0000-0000-0000-000000000303',
  '上海',
  '上海 · 外滩',
  'landmark',
  '夜景 / 周末 / 2026年5月',
  '夜风和城市灯光都刚好，适合拍旅行纪念和轻氛围感照片。',
  '夜景散步陪拍',
  'approved',
  true,
  false,
  89.0,
  870,
  67,
  '2026-05-22 16:00:00+08'
)
on conflict (id) do nothing;

insert into post_images(id, post_id, file_url, file_key, width, height, sort_order, audit_status) values
('00000000-0000-0000-0000-000000000711', '00000000-0000-0000-0000-000000000701', 'https://images.unsplash.com/photo-1524250502761-1ac6f2e30d43?auto=format&fit=crop&w=900&q=80', 'seed/wukang-road-1.jpg', 900, 1200, 1, 'approved'),
('00000000-0000-0000-0000-000000000712', '00000000-0000-0000-0000-000000000701', 'https://images.unsplash.com/photo-1503342217505-b0a15ec3261c?auto=format&fit=crop&w=900&q=80', 'seed/wukang-road-2.jpg', 900, 1200, 2, 'approved'),
('00000000-0000-0000-0000-000000000721', '00000000-0000-0000-0000-000000000702', 'https://images.unsplash.com/photo-1517841905240-472988babdf9?auto=format&fit=crop&w=900&q=80', 'seed/julu-cafe-1.jpg', 900, 1200, 1, 'approved'),
('00000000-0000-0000-0000-000000000722', '00000000-0000-0000-0000-000000000702', 'https://images.unsplash.com/photo-1524504388940-b1c1722653e1?auto=format&fit=crop&w=900&q=80', 'seed/julu-cafe-2.jpg', 900, 1200, 2, 'approved'),
('00000000-0000-0000-0000-000000000731', '00000000-0000-0000-0000-000000000703', 'https://images.unsplash.com/photo-1502325966718-85a90488dc29?auto=format&fit=crop&w=900&q=80', 'seed/bund-night-1.jpg', 900, 1200, 1, 'approved'),
('00000000-0000-0000-0000-000000000732', '00000000-0000-0000-0000-000000000703', 'https://images.unsplash.com/photo-1496747611176-843222e1e57c?auto=format&fit=crop&w=900&q=80', 'seed/bund-night-2.jpg', 900, 1200, 2, 'approved')
on conflict (id) do nothing;

insert into post_tags(post_id, tag_name) values
('00000000-0000-0000-0000-000000000701', 'Citywalk'),
('00000000-0000-0000-0000-000000000701', '自然光'),
('00000000-0000-0000-0000-000000000701', '松弛感'),
('00000000-0000-0000-0000-000000000702', '探店'),
('00000000-0000-0000-0000-000000000702', '日常感'),
('00000000-0000-0000-0000-000000000702', '咖啡店'),
('00000000-0000-0000-0000-000000000703', '夜景'),
('00000000-0000-0000-0000-000000000703', '旅行'),
('00000000-0000-0000-0000-000000000703', '氛围感')
on conflict (post_id, tag_name) do nothing;

-- =========================
-- Sample orders and messages
-- =========================

insert into orders(
  id,
  order_no,
  user_id,
  companion_id,
  post_id,
  activity_pricing_id,
  availability_slot_id,
  city,
  place_name,
  place_address,
  activity_name,
  duration_minutes,
  start_at,
  end_at,
  base_amount_cents,
  extra_amount_cents,
  total_amount_cents,
  platform_fee_cents,
  companion_income_cents,
  status,
  paid_at,
  created_at
) values
(
  '00000000-0000-0000-0000-000000000801',
  'PP26052401',
  '00000000-0000-0000-0000-000000000101',
  '00000000-0000-0000-0000-000000000301',
  '00000000-0000-0000-0000-000000000701',
  '00000000-0000-0000-0000-000000000401',
  '00000000-0000-0000-0000-000000000601',
  '上海',
  '武康路',
  '上海市徐汇区武康路',
  'Citywalk 陪拍',
  120,
  '2026-05-24 17:30:00+08',
  '2026-05-24 19:30:00+08',
  39900,
  0,
  39900,
  3192,
  36708,
  'paid_pending_confirm',
  '2026-05-24 13:20:00+08',
  '2026-05-24 13:18:00+08'
),
(
  '00000000-0000-0000-0000-000000000802',
  'PP26052402',
  '00000000-0000-0000-0000-000000000101',
  '00000000-0000-0000-0000-000000000302',
  '00000000-0000-0000-0000-000000000702',
  '00000000-0000-0000-0000-000000000403',
  '00000000-0000-0000-0000-000000000605',
  '上海',
  '巨鹿路',
  '上海市静安区巨鹿路',
  '探店吃饭陪拍',
  90,
  '2026-05-25 15:30:00+08',
  '2026-05-25 17:00:00+08',
  29900,
  0,
  29900,
  2392,
  27508,
  'confirmed',
  '2026-05-24 12:00:00+08',
  '2026-05-24 11:58:00+08'
)
on conflict (id) do nothing;

update availability_slots
set locked_order_id = '00000000-0000-0000-0000-000000000801'
where id = '00000000-0000-0000-0000-000000000601'
  and locked_order_id is null;

update availability_slots
set locked_order_id = '00000000-0000-0000-0000-000000000802'
where id = '00000000-0000-0000-0000-000000000605'
  and locked_order_id is null;

insert into payments(id, order_id, payment_no, channel, amount_cents, status, third_party_trade_no, paid_at) values
('00000000-0000-0000-0000-000000000901', '00000000-0000-0000-0000-000000000801', 'PAY26052401', 'mock', 39900, 'paid', 'MOCK_TRADE_26052401', '2026-05-24 13:20:00+08'),
('00000000-0000-0000-0000-000000000902', '00000000-0000-0000-0000-000000000802', 'PAY26052402', 'mock', 29900, 'paid', 'MOCK_TRADE_26052402', '2026-05-24 12:00:00+08')
on conflict (id) do nothing;

insert into order_status_logs(id, order_id, from_status, to_status, operator_type, operator_id, reason) values
('00000000-0000-0000-0000-000000000811', '00000000-0000-0000-0000-000000000801', null, 'pending_payment', 'system', null, '创建订单'),
('00000000-0000-0000-0000-000000000812', '00000000-0000-0000-0000-000000000801', 'pending_payment', 'paid_pending_confirm', 'system', null, '模拟支付成功'),
('00000000-0000-0000-0000-000000000821', '00000000-0000-0000-0000-000000000802', null, 'pending_payment', 'system', null, '创建订单'),
('00000000-0000-0000-0000-000000000822', '00000000-0000-0000-0000-000000000802', 'pending_payment', 'paid_pending_confirm', 'system', null, '模拟支付成功'),
('00000000-0000-0000-0000-000000000823', '00000000-0000-0000-0000-000000000802', 'paid_pending_confirm', 'confirmed', 'companion', '00000000-0000-0000-0000-000000000202', '陪拍者确认接单')
on conflict (id) do nothing;

insert into conversations(id, order_id, user_id, companion_id, status, last_message_at) values
('00000000-0000-0000-0000-000000001001', '00000000-0000-0000-0000-000000000801', '00000000-0000-0000-0000-000000000101', '00000000-0000-0000-0000-000000000301', 'active', '2026-05-24 13:35:00+08'),
('00000000-0000-0000-0000-000000001002', '00000000-0000-0000-0000-000000000802', '00000000-0000-0000-0000-000000000101', '00000000-0000-0000-0000-000000000302', 'active', '2026-05-24 13:40:00+08')
on conflict (order_id) do nothing;

insert into messages(id, conversation_id, sender_id, sender_role, message_type, content, risk_status, sent_at) values
('00000000-0000-0000-0000-000000001011', '00000000-0000-0000-0000-000000001001', '00000000-0000-0000-0000-000000000201', 'companion', 'text', '我看了你收藏的风格，今天可以走武康路到安福路这条线。', 'clean', '2026-05-24 13:25:00+08'),
('00000000-0000-0000-0000-000000001012', '00000000-0000-0000-0000-000000001001', '00000000-0000-0000-0000-000000000101', 'user', 'text', '好呀，我想要自然一点的照片，不太会摆动作。', 'clean', '2026-05-24 13:30:00+08'),
('00000000-0000-0000-0000-000000001013', '00000000-0000-0000-0000-000000001001', '00000000-0000-0000-0000-000000000201', 'companion', 'text', '没关系，我会边走边帮你看光线和动作。', 'clean', '2026-05-24 13:35:00+08'),
('00000000-0000-0000-0000-000000001021', '00000000-0000-0000-0000-000000001002', '00000000-0000-0000-0000-000000000202', 'companion', 'text', '明天下午咖啡店光线比较柔，我会提前帮你看靠窗座位。', 'clean', '2026-05-24 13:40:00+08')
on conflict (id) do nothing;

commit;
